product_id,category,Sub-Category
FUR-BO-10001798,Technology,Chairs
FUR-CH-10000454,Technology,Phones
OFF-LA-10000240,Technology,Chairs
FUR-TA-10000577,Technology,
OFF-ST-10000760,Furniture,
FUR-FU-10001487,Office Supplies,Tables
OFF-AR-10002833,Furniture,
TEC-PH-10002275,Technology,Chairs
OFF-BI-10003910,Furniture,
OFF-AP-10002892,Office Supplies,Chairs
FUR-TA-10001539,Office Supplies,Tables
TEC-PH-10002033,Furniture,Phones
OFF-PA-10002365,Office Supplies,
OFF-BI-10003656,Office Supplies,Phones
OFF-AP-10002311,Technology,Binders
OFF-BI-10000756,Technology,Binders
OFF-ST-10004186,Furniture,Phones
OFF-ST-10000107,Technology,Tables
OFF-AR-10003056,Technology,Tables
TEC-PH-10001949,Office Supplies,Phones
OFF-BI-10002215,Technology,Binders
OFF-AR-10000246,Technology,
OFF-AP-10001492,Furniture,
FUR-CH-10002774,Office Supplies,Phones
OFF-BI-10001634,Office Supplies,Phones
TEC-AC-10003027,Technology,
FUR-BO-10004834,Technology,Binders
OFF-BI-10000474,Technology,Chairs
FUR-FU-10004848,Furniture,Chairs
OFF-EN-10001509,Office Supplies,Phones
OFF-AR-10004042,Technology,Phones
OFF-BI-10001525,Office Supplies,Binders
OFF-AR-10001683,Office Supplies,
OFF-PA-10000249,Technology,Binders
TEC-PH-10004977,Technology,Chairs
FUR-FU-10003664,Office Supplies,Tables
OFF-EN-10002986,Technology,Chairs
FUR-BO-10002545,Office Supplies,Binders
FUR-CH-10004218,Technology,Phones
TEC-PH-10000486,Office Supplies,Tables
TEC-PH-10004093,Furniture,Chairs
OFF-ST-10003479,Technology,Chairs
OFF-ST-10003282,Office Supplies,Phones
TEC-AC-10000171,Technology,Binders
OFF-BI-10003291,Furniture,Chairs
OFF-ST-10001713,Furniture,
TEC-AC-10002167,Furniture,Binders
TEC-PH-10003988,Furniture,Phones
OFF-BI-10004410,Office Supplies,
OFF-LA-10002762,Office Supplies,
FUR-FU-10001706,Office Supplies,Phones
FUR-CH-10003061,Technology,Chairs
OFF-FA-10000304,Furniture,Tables
TEC-PH-10002447,Technology,Phones
OFF-ST-10000604,Office Supplies,
OFF-PA-10001569,Technology,Phones
FUR-CH-10003968,Furniture,Tables
OFF-PA-10000587,Technology,
OFF-BI-10001460,Technology,Chairs
OFF-AR-10001868,Office Supplies,Binders
TEC-AC-10004633,Technology,
OFF-BI-10001078,Technology,Binders
OFF-PA-10003892,Furniture,
FUR-FU-10000397,Furniture,Phones
FUR-CH-10001146,Furniture,Tables
OFF-AR-10002671,Furniture,Tables
TEC-PH-10002726,Office Supplies,Binders
OFF-PA-10000482,Technology,Chairs
OFF-BI-10004654,Furniture,Phones
OFF-PA-10004675,Furniture,Chairs
FUR-CH-10000513,Office Supplies,Chairs
FUR-FU-10003708,Technology,Tables
OFF-ST-10004123,Technology,
OFF-BI-10004182,Technology,Binders
FUR-FU-10000260,Technology,Binders
OFF-ST-10000615,Furniture,Tables
FUR-FU-10003194,Furniture,Binders
OFF-AP-10002118,Furniture,Phones
OFF-BI-10002309,Furniture,Phones
OFF-AR-10002053,Furniture,Phones
OFF-ST-10002370,Office Supplies,Binders
OFF-EN-10000927,Furniture,Chairs
OFF-ST-10003656,Furniture,Phones
FUR-CH-10000863,Technology,Chairs
TEC-AC-10001998,Technology,Binders
OFF-LA-10000134,Furniture,Tables
OFF-ST-10003442,Technology,
OFF-AR-10004930,Office Supplies,Chairs
OFF-PA-10000304,Technology,Binders
OFF-PA-10003177,Technology,Binders
FUR-FU-10003799,Technology,
OFF-BI-10002852,Office Supplies,Binders
OFF-BI-10004738,Furniture,Tables
FUR-FU-10000629,Office Supplies,Binders
OFF-BI-10001721,Technology,
OFF-AP-10000358,Technology,Tables
OFF-PA-10003256,Office Supplies,
TEC-AC-10001767,Technology,
OFF-BI-10002609,Office Supplies,
OFF-PA-10004040,Furniture,Phones
TEC-AC-10001552,Furniture,Binders
FUR-FU-10004006,Technology,
OFF-BI-10002794,Furniture,Phones
TEC-AC-10003499,Technology,Chairs
TEC-PH-10002844,Furniture,Chairs
OFF-AR-10000390,Office Supplies,Binders
TEC-AC-10000844,Furniture,
FUR-FU-10001934,Technology,
OFF-AR-10000380,Office Supplies,Chairs
OFF-BI-10003981,Technology,Binders
OFF-FA-10000621,Office Supplies,Chairs
OFF-EN-10002600,Office Supplies,Chairs
OFF-PA-10004965,Furniture,Phones
OFF-EN-10002504,Technology,Binders
FUR-TA-10001768,Technology,Tables
OFF-BI-10003650,Furniture,Binders
FUR-FU-10002157,Office Supplies,Chairs
OFF-ST-10000777,Office Supplies,Chairs
OFF-EN-10002500,Furniture,Binders
TEC-PH-10003875,Office Supplies,Binders
FUR-CH-10004063,Furniture,Binders
FUR-TA-10004534,Furniture,Tables
OFF-BI-10003274,Office Supplies,Tables
OFF-ST-10002974,Technology,
FUR-FU-10003773,Office Supplies,Tables
TEC-PH-10002293,Office Supplies,Chairs
OFF-PA-10002377,Office Supplies,Binders
OFF-FA-10002780,Office Supplies,Chairs
OFF-PA-10001804,Office Supplies,Tables
OFF-PA-10001736,Technology,Binders
OFF-AR-10001149,Technology,
OFF-FA-10002988,Technology,Phones
OFF-BI-10004781,Office Supplies,Binders
OFF-SU-10001218,Office Supplies,Binders
OFF-AR-10000940,Technology,Chairs
OFF-EN-10004030,Office Supplies,Chairs
OFF-PA-10004327,Office Supplies,Binders
OFF-AP-10001058,Office Supplies,Chairs
FUR-FU-10000521,Furniture,Tables
TEC-PH-10000215,Technology,Phones
TEC-PH-10001448,Office Supplies,Binders
OFF-BI-10002735,Office Supplies,Phones
OFF-AP-10000326,Technology,
TEC-PH-10001254,Furniture,Binders
OFF-PA-10001950,Furniture,Tables
OFF-PA-10002254,Office Supplies,Binders
OFF-ST-10001590,Furniture,
OFF-AR-10001547,Office Supplies,Chairs
OFF-LA-10002475,Furniture,Binders
TEC-PH-10004536,Office Supplies,Tables
OFF-PA-10002751,Office Supplies,Phones
TEC-AC-10003657,Technology,Phones
OFF-EN-10001990,Furniture,Binders
OFF-BI-10004002,Office Supplies,Tables
OFF-AR-10004441,Technology,Tables
TEC-MA-10000822,Office Supplies,Phones
OFF-ST-10000991,Technology,Phones
FUR-CH-10004287,Office Supplies,Chairs
OFF-AR-10002656,Office Supplies,Chairs
OFF-AP-10002518,Furniture,Phones
TEC-PH-10003931,Furniture,
OFF-PA-10000659,Technology,Tables
OFF-PA-10001144,Furniture,Binders
FUR-CH-10003817,Furniture,Chairs
OFF-AP-10000891,Office Supplies,Binders
OFF-LA-10003148,Furniture,Phones
OFF-AP-10002684,Office Supplies,Binders
FUR-CH-10004698,Office Supplies,Chairs
OFF-SU-10002189,Furniture,Binders
OFF-AR-10001940,Technology,Tables
OFF-ST-10003455,Technology,Chairs
TEC-AC-10004659,Furniture,Tables
TEC-PH-10003273,Office Supplies,Binders
TEC-PH-10004896,Furniture,Binders
TEC-AC-10002345,Office Supplies,Tables
OFF-BI-10001890,Office Supplies,Phones
TEC-AC-10002323,Office Supplies,
OFF-ST-10001328,Furniture,Phones
FUR-BO-10002613,Technology,Tables
TEC-PH-10001552,Technology,Phones
OFF-PA-10000061,Technology,
OFF-AR-10003514,Technology,
OFF-AR-10004685,Furniture,Chairs
OFF-AR-10004027,Technology,Chairs
OFF-ST-10001414,Technology,Chairs
OFF-BI-10000343,Furniture,Binders
OFF-PA-10002749,Technology,Tables
OFF-PA-10002666,Technology,Chairs
FUR-TA-10004289,Technology,Binders
OFF-AP-10003622,Furniture,Tables
OFF-AP-10003217,Technology,Chairs
FUR-FU-10002960,Furniture,Phones
TEC-PH-10001918,Office Supplies,Binders
OFF-ST-10000642,Technology,Tables
TEC-PH-10001700,Office Supplies,Binders
OFF-FA-10000134,Office Supplies,
OFF-ST-10001522,Furniture,
TEC-AC-10001266,Office Supplies,Phones
OFF-LA-10004544,Technology,Binders
FUR-BO-10004695,Furniture,Chairs
TEC-MA-10000864,Office Supplies,Tables
TEC-AC-10000109,Office Supplies,Chairs
TEC-PH-10002563,Furniture,Phones
OFF-FA-10000585,Furniture,Chairs
OFF-PA-10004000,Office Supplies,
FUR-FU-10000087,Technology,
TEC-MA-10001148,Office Supplies,Binders
OFF-AR-10001958,Technology,Phones
OFF-AR-10001026,Office Supplies,Phones
FUR-TA-10003748,Office Supplies,Binders
OFF-ST-10002485,Furniture,
FUR-CH-10004860,Technology,Binders
FUR-CH-10004477,Furniture,
OFF-BI-10001679,Furniture,Binders
FUR-TA-10001705,Furniture,Phones
FUR-TA-10003473,Office Supplies,Tables
FUR-FU-10004017,Technology,Phones
TEC-AC-10003832,Furniture,Binders
OFF-PA-10002479,Furniture,Phones
OFF-PA-10003349,Office Supplies,Binders
FUR-FU-10000576,Technology,Phones
FUR-FU-10004351,Office Supplies,Phones
TEC-PH-10000011,Office Supplies,Chairs
FUR-TA-10002607,Technology,Tables
FUR-FU-10002505,Office Supplies,Phones
OFF-ST-10002276,Technology,
OFF-PA-10004082,Furniture,Phones
OFF-AP-10002945,Technology,Chairs
FUR-CH-10002965,Technology,Chairs
OFF-PA-10004569,Office Supplies,Chairs
OFF-ST-10001228,Furniture,Tables
OFF-EN-10003296,Technology,
OFF-ST-10004804,Technology,Chairs
TEC-PH-10001580,Furniture,Binders
TEC-AC-10000290,Technology,Tables
OFF-ST-10002790,Office Supplies,Chairs
OFF-BI-10003460,Furniture,Binders
OFF-AP-10002203,Furniture,
TEC-MA-10003353,Office Supplies,Tables
TEC-PH-10001433,Furniture,Binders
TEC-AC-10004469,Office Supplies,Tables
OFF-AR-10003602,Furniture,Phones
OFF-FA-10003472,Technology,Phones
OFF-ST-10004180,Office Supplies,Binders
OFF-EN-10004386,Office Supplies,Chairs
OFF-ST-10003208,Furniture,
TEC-AC-10003628,Furniture,
FUR-FU-10003274,Furniture,Chairs
OFF-BI-10002557,Technology,Tables
OFF-PA-10002615,Office Supplies,Chairs
OFF-AR-10001427,Technology,Tables
OFF-PA-10000673,Technology,Chairs
OFF-PA-10004470,Technology,Chairs
OFF-ST-10000876,Office Supplies,Binders
OFF-LA-10002043,Office Supplies,Phones
OFF-BI-10004967,Technology,Tables
TEC-PH-10001760,Furniture,Phones
FUR-TA-10002903,Furniture,Binders
OFF-PA-10000474,Furniture,Tables
TEC-AC-10001956,Technology,Binders
OFF-PA-10004100,Technology,Chairs
OFF-BI-10000778,Furniture,Tables
OFF-SU-10000646,Furniture,Chairs
OFF-FA-10002983,Technology,Binders
OFF-LA-10004689,Furniture,Chairs
TEC-AC-10002001,Furniture,Chairs
FUR-BO-10004709,Furniture,
FUR-FU-10004091,Office Supplies,Phones
FUR-CH-10001891,Furniture,Chairs
FUR-FU-10002918,Furniture,Tables
OFF-BI-10004593,Technology,Chairs
OFF-FA-10004854,Office Supplies,Phones
OFF-PA-10002105,Office Supplies,Phones
OFF-ST-10002756,Office Supplies,Chairs
OFF-PA-10004243,Technology,
FUR-FU-10001861,Office Supplies,
OFF-BI-10002706,Furniture,Phones
FUR-TA-10002533,Office Supplies,Chairs
FUR-FU-10002671,Technology,Chairs
OFF-AR-10003651,Technology,Chairs
OFF-BI-10001072,Office Supplies,Chairs
OFF-AR-10002135,Furniture,Tables
OFF-AR-10002804,Furniture,Chairs
FUR-FU-10001918,Furniture,Chairs
FUR-CH-10004086,Technology,Binders
FUR-FU-10001756,Furniture,Chairs
OFF-LA-10000634,Technology,Phones
FUR-FU-10001588,Office Supplies,Binders
TEC-PH-10002398,Furniture,Tables
OFF-PA-10001937,Technology,Phones
OFF-AR-10003373,Office Supplies,Tables
FUR-CH-10002602,Office Supplies,
TEC-MA-10002927,Technology,Tables
TEC-AC-10000892,Furniture,Phones
OFF-FA-10000624,Technology,Binders
TEC-AC-10001908,Furniture,Tables
FUR-FU-10001967,Office Supplies,Phones
TEC-PH-10003645,Office Supplies,
OFF-ST-10000675,Technology,
FUR-CH-10003312,Office Supplies,Tables
OFF-LA-10001074,Office Supplies,Binders
OFF-BI-10001524,Furniture,Binders
TEC-PH-10004614,Technology,
OFF-BI-10001153,Furniture,Binders
OFF-BI-10001982,Technology,Chairs
OFF-BI-10001922,Office Supplies,Phones
TEC-CO-10001449,Office Supplies,
OFF-BI-10004140,Office Supplies,Tables
OFF-BI-10003314,Technology,
FUR-TA-10004575,Furniture,
OFF-FA-10000490,Furniture,
OFF-AR-10000122,Furniture,Binders
TEC-PH-10000702,Furniture,
OFF-AR-10001374,Technology,Chairs
OFF-PA-10001970,Office Supplies,Binders
OFF-BI-10002160,Technology,
OFF-BI-10004995,Technology,
FUR-BO-10002268,Technology,Chairs
OFF-EN-10001137,Furniture,Phones
OFF-AR-10002399,Furniture,Tables
OFF-PA-10002713,Technology,Binders
OFF-AP-10001124,Office Supplies,Binders
OFF-LA-10001158,Technology,Binders
FUR-CH-10000785,Furniture,Phones
OFF-AR-10003732,Furniture,Chairs
FUR-FU-10000023,Technology,Binders
OFF-BI-10002412,Office Supplies,Binders
OFF-SU-10001225,Office Supplies,Tables
OFF-ST-10002406,Technology,Phones
OFF-PA-10002036,Technology,Chairs
OFF-ST-10002205,Technology,Chairs
TEC-AC-10003911,Technology,Chairs
OFF-AR-10000658,Technology,Chairs
TEC-AC-10002076,Technology,Binders
OFF-PA-10003039,Furniture,Phones
FUR-TA-10004915,Office Supplies,Tables
OFF-AP-10000696,Office Supplies,
OFF-ST-10003327,Office Supplies,Binders
OFF-BI-10000309,Technology,Binders
OFF-PA-10004734,Furniture,
OFF-BI-10002225,Technology,Binders
TEC-AC-10004708,Office Supplies,Tables
FUR-TA-10000617,Office Supplies,Tables
TEC-AC-10002335,Technology,Binders
TEC-MA-10001681,Furniture,
FUR-FU-10001935,Office Supplies,
OFF-AR-10004757,Furniture,
OFF-BI-10000050,Technology,Phones
TEC-PH-10003012,Technology,Phones
TEC-CO-10002313,Technology,
OFF-BI-10003982,Furniture,Tables
OFF-BI-10004492,Technology,Binders
OFF-ST-10000798,Office Supplies,Chairs
OFF-PA-10002552,Technology,Tables
OFF-SU-10002573,Office Supplies,Tables
OFF-ST-10001580,Technology,
OFF-ST-10000934,Technology,Tables
TEC-AC-10000158,Furniture,
OFF-PA-10001947,Furniture,
OFF-AR-10003478,Technology,Phones
OFF-AP-10004249,Office Supplies,Binders
TEC-CO-10004115,Furniture,Tables
OFF-PA-10003724,Furniture,Binders
FUR-TA-10002041,Furniture,Phones
OFF-PA-10002893,Technology,Tables
OFF-LA-10003766,Office Supplies,Phones
FUR-BO-10001972,Furniture,Phones
FUR-CH-10003956,Technology,Tables
OFF-PA-10000157,Technology,
OFF-AR-10004344,Office Supplies,
FUR-CH-10004886,Technology,Tables
OFF-PA-10003845,Office Supplies,Chairs
OFF-AR-10001573,Technology,Chairs
OFF-EN-10000483,Technology,Phones
TEC-AC-10004114,Office Supplies,
FUR-FU-10004712,Technology,
OFF-ST-10000918,Technology,
FUR-CH-10000015,Technology,Chairs
FUR-FU-10003347,Furniture,Chairs
OFF-BI-10001543,Furniture,Tables
TEC-MA-10000029,Technology,Chairs
OFF-AR-10000369,Furniture,Binders
OFF-BI-10004584,Furniture,Phones
OFF-ST-10000617,Furniture,Phones
OFF-ST-10003306,Furniture,Phones
OFF-BI-10000773,Office Supplies,
TEC-AC-10002600,Office Supplies,Phones
TEC-MA-10002937,Office Supplies,Phones
OFF-PA-10002230,Furniture,Tables
FUR-CH-10003396,Technology,Tables
FUR-FU-10000246,Technology,Chairs
OFF-ST-10000060,Furniture,Phones
OFF-ST-10003058,Technology,
OFF-PA-10002222,Office Supplies,Tables
FUR-CH-10002372,Technology,Phones
OFF-LA-10001317,Technology,
FUR-FU-10000206,Office Supplies,Phones
OFF-AR-10000588,Furniture,Binders
OFF-ST-10001469,Office Supplies,Chairs
OFF-AR-10001953,Office Supplies,Binders
OFF-AR-10003156,Technology,Tables
OFF-AR-10004974,Office Supplies,
TEC-PH-10002365,Technology,Tables
OFF-ST-10000142,Furniture,Chairs
TEC-AC-10001772,Furniture,Tables
FUR-CH-10000225,Office Supplies,Chairs
FUR-CH-10002331,Office Supplies,Binders
OFF-EN-10001415,Furniture,Phones
OFF-AP-10002472,Furniture,Chairs
TEC-AC-10004571,Technology,Phones
OFF-BI-10001098,Furniture,
FUR-TA-10001889,Furniture,Binders
OFF-BI-10000315,Office Supplies,
OFF-SU-10003505,Furniture,Phones
OFF-AP-10002578,Technology,Phones
FUR-BO-10002824,Office Supplies,Chairs
OFF-BI-10002194,Office Supplies,Chairs
OFF-PA-10004071,Furniture,
OFF-ST-10002743,Furniture,Binders
FUR-BO-10001601,Office Supplies,Tables
TEC-PH-10002680,Office Supplies,Binders
OFF-ST-10001321,Office Supplies,Binders
OFF-PA-10001509,Technology,Chairs
OFF-PA-10003465,Technology,Phones
TEC-PH-10000149,Office Supplies,
OFF-AR-10003045,Furniture,Binders
OFF-ST-10000689,Office Supplies,Binders
TEC-AC-10001445,Technology,
TEC-AC-10002567,Furniture,Chairs
OFF-LA-10003923,Office Supplies,Phones
FUR-BO-10001337,Technology,Phones
TEC-PH-10001924,Technology,Binders
TEC-PH-10001363,Technology,Phones
TEC-PH-10000376,Technology,Phones
TEC-AC-10000303,Furniture,
OFF-ST-10001809,Office Supplies,Binders
OFF-EN-10003845,Office Supplies,
TEC-AC-10000991,Technology,Binders
FUR-TA-10001857,Furniture,Tables
OFF-EN-10001434,Office Supplies,Tables
OFF-BI-10002498,Technology,Binders
FUR-FU-10004864,Office Supplies,Chairs
FUR-FU-10000073,Furniture,Phones
OFF-BI-10001670,Technology,
OFF-BI-10001658,Technology,Chairs
FUR-CH-10001215,Technology,
OFF-BI-10000831,Office Supplies,Tables
OFF-PA-10000357,Furniture,Tables
OFF-AR-10001662,Furniture,
OFF-AR-10003856,Technology,Binders
OFF-BI-10003527,Office Supplies,Chairs
FUR-FU-10001290,Technology,Binders
TEC-AC-10002399,Technology,
OFF-AR-10003811,Technology,
OFF-AR-10001246,Technology,Phones
TEC-CO-10003236,Technology,
OFF-ST-10004507,Technology,
OFF-PA-10001667,Furniture,Tables
OFF-ST-10004459,Office Supplies,
OFF-ST-10000736,Office Supplies,Chairs
OFF-BI-10000285,Technology,Tables
TEC-PH-10003555,Office Supplies,
OFF-FA-10002815,Technology,Phones
FUR-CH-10003379,Technology,
OFF-ST-10004963,Office Supplies,
OFF-SU-10002881,Technology,Binders
OFF-EN-10001335,Technology,Phones
FUR-CH-10000595,Technology,Binders
FUR-FU-10000448,Office Supplies,Phones
TEC-PH-10000984,Technology,
OFF-ST-10001325,Furniture,Phones
OFF-BI-10002429,Technology,
OFF-BI-10004528,Technology,Tables
OFF-AP-10001271,Furniture,Tables
FUR-CH-10002647,Technology,Chairs
TEC-AC-10001432,Furniture,
TEC-PH-10002262,Office Supplies,Binders
TEC-AC-10001465,Office Supplies,Chairs
TEC-PH-10002597,Office Supplies,
FUR-FU-10000723,Furniture,Phones
OFF-BI-10000404,Office Supplies,Phones
OFF-PA-10002986,Technology,Tables
OFF-SU-10001935,Technology,Chairs
FUR-CH-10002024,Furniture,Tables
FUR-FU-10003039,Furniture,Binders
OFF-FA-10004248,Technology,Tables
OFF-ST-10001780,Furniture,Binders
OFF-AR-10003560,Technology,
OFF-LA-10001297,Furniture,Chairs
FUR-TA-10004256,Technology,Binders
OFF-PA-10003441,Furniture,
OFF-BI-10000069,Office Supplies,Phones
OFF-AP-10003914,Office Supplies,Phones
FUR-FU-10004020,Furniture,
OFF-FA-10003467,Office Supplies,Phones
TEC-PH-10002496,Technology,Phones
OFF-PA-10004530,Furniture,Tables
OFF-BI-10001107,Technology,Binders
OFF-PA-10004451,Technology,Chairs
FUR-CH-10004997,Furniture,
TEC-PH-10000347,Technology,Phones
OFF-AR-10003394,Office Supplies,Tables
OFF-PA-10001450,Technology,Tables
OFF-SU-10001574,Technology,
FUR-FU-10001475,Office Supplies,Phones
OFF-SU-10004498,Technology,
TEC-PH-10000586,Furniture,Binders
OFF-BI-10002764,Technology,Phones
OFF-LA-10003930,Furniture,Tables
TEC-PH-10003800,Technology,
OFF-PA-10002005,Technology,Phones
OFF-PA-10004101,Office Supplies,Tables
OFF-AR-10004078,Furniture,Tables
OFF-AP-10004708,Technology,Binders
FUR-FU-10001979,Furniture,
OFF-SU-10004115,Furniture,Binders
TEC-PH-10001425,Office Supplies,Binders
TEC-PH-10003963,Office Supplies,Tables
OFF-ST-10001490,Office Supplies,Tables
OFF-PA-10002120,Technology,Chairs
OFF-BI-10000848,Office Supplies,Tables
TEC-PH-10003092,Technology,Binders
OFF-LA-10004345,Office Supplies,Binders
OFF-PA-10001204,Office Supplies,
TEC-PH-10004667,Office Supplies,Chairs
OFF-BI-10002949,Technology,Tables
FUR-FU-10003849,Office Supplies,
FUR-FU-10000010,Office Supplies,Binders
OFF-BI-10002824,Office Supplies,Chairs
TEC-PH-10002538,Office Supplies,Binders
OFF-BI-10002103,Furniture,Binders
FUR-CH-10004853,Office Supplies,Chairs
OFF-AP-10000179,Furniture,Tables
OFF-ST-10001272,Technology,Chairs
FUR-FU-10000221,Furniture,Chairs
OFF-AP-10001563,Technology,Binders
OFF-BI-10000605,Technology,
OFF-ST-10001963,Office Supplies,Tables
TEC-AC-10001267,Furniture,
TEC-PH-10002103,Technology,Binders
TEC-AC-10002857,Office Supplies,Phones
FUR-CH-10001482,Furniture,
OFF-BI-10001989,Office Supplies,Binders
OFF-AP-10003287,Furniture,Chairs
OFF-BI-10004728,Furniture,
FUR-FU-10000732,Technology,Binders
OFF-ST-10000585,Office Supplies,Tables
OFF-LA-10002787,Technology,Tables
OFF-PA-10001934,Furniture,Phones
OFF-AP-10002457,Furniture,Chairs
OFF-FA-10003112,Office Supplies,Chairs
OFF-AP-10002350,Technology,Binders
TEC-AC-10001142,Furniture,Chairs
TEC-AC-10001101,Office Supplies,Phones
OFF-AP-10002439,Office Supplies,Tables
OFF-BI-10002827,Furniture,Phones
OFF-EN-10002230,Office Supplies,Tables
OFF-ST-10001511,Office Supplies,Binders
OFF-SU-10004231,Office Supplies,Phones
TEC-PH-10004042,Office Supplies,Binders
FUR-FU-10003096,Office Supplies,Binders
FUR-FU-10002759,Technology,
FUR-TA-10000688,Office Supplies,Chairs
OFF-AR-10001954,Technology,Binders
OFF-AP-10004532,Office Supplies,Chairs
OFF-PA-10002137,Office Supplies,Chairs
OFF-AP-10000804,Technology,Chairs
TEC-AC-10003614,Furniture,Tables
FUR-FU-10003553,Furniture,Chairs
OFF-BI-10004632,Technology,Tables
OFF-BI-10003305,Furniture,Binders
OFF-ST-10002583,Technology,Phones
TEC-MA-10004125,Furniture,Chairs
OFF-LA-10001934,Office Supplies,
FUR-BO-10004015,Technology,Chairs
FUR-FU-10004071,Office Supplies,Phones
OFF-ST-10002444,Office Supplies,Tables
TEC-AC-10002253,Furniture,
OFF-PA-10000743,Technology,Binders
OFF-LA-10002312,Technology,Phones
OFF-LA-10003510,Furniture,
OFF-AR-10001118,Office Supplies,
OFF-BI-10001575,Technology,Phones
FUR-FU-10003394,Furniture,Tables
FUR-TA-10002774,Office Supplies,Phones
OFF-PA-10001800,Furniture,
OFF-AP-10001469,Furniture,Chairs
FUR-BO-10003272,Technology,Tables
OFF-EN-10001219,Technology,
OFF-AP-10001154,Furniture,Chairs
TEC-AC-10001606,Office Supplies,Binders
OFF-BI-10003355,Office Supplies,Tables
FUR-FU-10002253,Office Supplies,Binders
OFF-PA-10004092,Furniture,Phones
FUR-TA-10000198,Office Supplies,Phones
OFF-ST-10000036,Furniture,Tables
FUR-FU-10000222,Technology,Chairs
OFF-SU-10004664,Office Supplies,
OFF-EN-10001141,Technology,
TEC-PH-10002170,Technology,Tables
OFF-PA-10001954,Office Supplies,Tables
FUR-TA-10002228,Furniture,Phones
OFF-ST-10004634,Furniture,Tables
TEC-AC-10003610,Office Supplies,
FUR-BO-10001619,Technology,Phones
OFF-BI-10000138,Furniture,Binders
TEC-AC-10001383,Furniture,Tables
OFF-LA-10003223,Furniture,
OFF-BI-10004094,Office Supplies,Chairs
OFF-PA-10004971,Technology,Phones
OFF-SU-10004261,Furniture,Chairs
TEC-PH-10000004,Office Supplies,
OFF-BI-10003638,Office Supplies,Tables
FUR-FU-10003577,Technology,Tables
OFF-BI-10000546,Furniture,Tables
TEC-CO-10002095,Furniture,Tables
FUR-TA-10001095,Office Supplies,Chairs
OFF-LA-10004484,Office Supplies,Chairs
OFF-EN-10001532,Office Supplies,Tables
TEC-AC-10003174,Office Supplies,Phones
OFF-BI-10004187,Furniture,Tables
OFF-ST-10000025,Office Supplies,
FUR-FU-10004306,Furniture,
FUR-CH-10003746,Furniture,Chairs
OFF-BI-10001036,Furniture,Tables
OFF-BI-10000301,Technology,
OFF-AR-10004648,Technology,Tables
FUR-FU-10002597,Furniture,Tables
OFF-AR-10003405,Office Supplies,Binders
FUR-CH-10002335,Technology,Chairs
OFF-PA-10003657,Furniture,Tables
FUR-BO-10004409,Office Supplies,
TEC-AC-10000057,Furniture,Chairs
OFF-EN-10000056,Furniture,
OFF-BI-10000014,Technology,Phones
FUR-CH-10004675,Office Supplies,Tables
OFF-BI-10001132,Office Supplies,Tables
FUR-CH-10003199,Furniture,Tables
TEC-PH-10001530,Office Supplies,Binders
OFF-LA-10001569,Technology,Chairs
OFF-PA-10000176,Technology,Tables
OFF-LA-10002271,Office Supplies,
FUR-FU-10004090,Technology,Binders
OFF-AP-10000576,Office Supplies,Binders
OFF-PA-10003953,Technology,Tables
FUR-FU-10000794,Office Supplies,Chairs
OFF-AR-10001897,Technology,
TEC-PH-10001795,Office Supplies,Phones
TEC-AC-10004901,Office Supplies,Chairs
OFF-AR-10003190,Technology,Chairs
OFF-AP-10000240,Technology,Tables
TEC-AC-10001838,Office Supplies,
OFF-PA-10003651,Technology,Phones
OFF-BI-10003094,Furniture,Phones
FUR-CH-10001394,Office Supplies,Chairs
OFF-BI-10004230,Technology,Tables
OFF-PA-10003395,Furniture,Binders
TEC-AC-10002402,Office Supplies,
TEC-AC-10003441,Technology,Binders
OFF-FA-10002280,Technology,Binders
OFF-SU-10000381,Furniture,Binders
OFF-EN-10004459,Technology,Binders
FUR-CH-10000665,Office Supplies,Tables
OFF-AP-10003884,Office Supplies,Phones
TEC-PH-10001557,Furniture,Binders
TEC-PH-10002085,Furniture,Binders
OFF-AR-10002956,Office Supplies,Chairs
OFF-AP-10003266,Technology,Binders
TEC-MA-10004002,Technology,Phones
OFF-BI-10001071,Technology,Binders
OFF-PA-10001560,Furniture,Binders
OFF-AR-10002578,Furniture,
FUR-BO-10001519,Technology,Phones
OFF-BI-10001294,Technology,Tables
OFF-BI-10001636,Furniture,Phones
OFF-SU-10002503,Furniture,Chairs
OFF-LA-10004093,Furniture,Chairs
FUR-FU-10003878,Furniture,Binders
TEC-AC-10000710,Technology,Binders
OFF-AR-10002335,Technology,Binders
OFF-PA-10001870,Technology,Tables
OFF-PA-10001019,Technology,Chairs
OFF-SU-10002537,Furniture,Binders
OFF-ST-10003221,Technology,
OFF-AR-10003752,Furniture,Chairs
TEC-AC-10001714,Technology,Chairs
OFF-AR-10003958,Technology,
TEC-PH-10002923,Office Supplies,Tables
OFF-LA-10004272,Technology,Binders
FUR-FU-10000965,Office Supplies,
OFF-LA-10004853,Office Supplies,Tables
OFF-BI-10003719,Technology,Chairs
OFF-BI-10000545,Office Supplies,
OFF-PA-10003591,Office Supplies,Binders
OFF-PA-10001790,Furniture,
TEC-AC-10002049,Office Supplies,Binders
OFF-BI-10003712,Technology,
OFF-BI-10003984,Office Supplies,Tables
FUR-FU-10001424,Office Supplies,Binders
OFF-BI-10002071,Office Supplies,Tables
OFF-ST-10002486,Furniture,
TEC-AC-10000927,Furniture,Phones
OFF-PA-10001622,Furniture,Phones
OFF-AR-10003158,Furniture,Phones
TEC-PH-10002660,Technology,Binders
OFF-BI-10003364,Technology,Phones
OFF-EN-10001099,Technology,Binders
OFF-PA-10002250,Technology,Chairs
OFF-BI-10004716,Office Supplies,Phones
OFF-LA-10001045,Technology,Phones
OFF-BI-10001510,Office Supplies,Tables
OFF-PA-10002947,Office Supplies,Tables
OFF-PA-10000019,Technology,Chairs
FUR-BO-10003441,Technology,Tables
TEC-PH-10004774,Office Supplies,Chairs
OFF-BI-10003684,Technology,Tables
TEC-PH-10001494,Furniture,Phones
TEC-AC-10004666,Furniture,Binders
OFF-ST-10003816,Technology,Phones
FUR-TA-10001520,Office Supplies,Binders
OFF-ST-10001558,Office Supplies,
TEC-AC-10002473,Technology,Chairs
TEC-PH-10004531,Technology,Chairs
OFF-AP-10004487,Technology,
OFF-PA-10003543,Furniture,Binders
TEC-AC-10004353,Office Supplies,Tables
OFF-AR-10001468,Technology,
OFF-PA-10002195,Office Supplies,Phones
OFF-PA-10001745,Furniture,Binders
OFF-BI-10004826,Office Supplies,Chairs
OFF-PA-10000289,Office Supplies,
OFF-AP-10003040,Office Supplies,
OFF-PA-10000350,Technology,Chairs
OFF-BI-10001759,Office Supplies,Binders
OFF-ST-10001496,Furniture,Binders
OFF-BI-10002931,Technology,Phones
FUR-TA-10002356,Office Supplies,Phones
FUR-FU-10003601,Technology,
FUR-TA-10004154,Furniture,Chairs
OFF-PA-10000788,Furniture,Binders
FUR-FU-10001940,Technology,
OFF-BI-10004465,Office Supplies,Binders
OFF-PA-10002333,Office Supplies,Phones
FUR-FU-10004188,Furniture,Phones
OFF-BI-10000145,Office Supplies,Tables
OFF-LA-10001613,Technology,Chairs
OFF-LA-10004055,Office Supplies,Phones
OFF-PA-10004621,Office Supplies,Tables
OFF-PA-10001281,Technology,Binders
OFF-ST-10001097,Technology,Phones
FUR-FU-10001095,Office Supplies,Chairs
OFF-BI-10002012,Office Supplies,Binders
OFF-PA-10004156,Furniture,Phones
OFF-AR-10000034,Technology,Binders
TEC-PH-10000560,Technology,Chairs
OFF-EN-10000461,Furniture,Binders
TEC-MA-10003066,Office Supplies,
OFF-BI-10004022,Office Supplies,Binders
OFF-AR-10001988,Technology,Chairs
OFF-PA-10003625,Office Supplies,
OFF-BI-10003925,Office Supplies,Tables
OFF-EN-10003862,Office Supplies,Tables
OFF-ST-10004258,Office Supplies,Binders
FUR-FU-10002885,Office Supplies,
TEC-AC-10003033,Furniture,Chairs
OFF-ST-10000046,Furniture,Chairs
OFF-BI-10002049,Office Supplies,Binders
FUR-FU-10001602,Technology,Tables
OFF-ST-10003722,Office Supplies,Chairs
TEC-AC-10003198,Furniture,Tables
FUR-FU-10002191,Technology,Tables
TEC-PH-10004188,Technology,Binders
OFF-ST-10001526,Technology,Phones
OFF-AR-10001166,Office Supplies,Binders
FUR-CH-10000309,Technology,Phones
TEC-MA-10004212,Technology,Tables
OFF-EN-10003072,Office Supplies,
OFF-BI-10000320,Furniture,Tables
OFF-PA-10001166,Furniture,Tables
OFF-PA-10003656,Office Supplies,Tables
TEC-PH-10000148,Technology,
TEC-PH-10003885,Office Supplies,Tables
OFF-LA-10001175,Furniture,Chairs
OFF-PA-10000955,Office Supplies,Phones
FUR-FU-10003975,Technology,Phones
OFF-BI-10003707,Furniture,Binders
OFF-AR-10000203,Office Supplies,
OFF-AR-10004790,Furniture,
TEC-AC-10004761,Technology,Binders
FUR-BO-10001811,Office Supplies,Chairs
OFF-AR-10001130,Furniture,
OFF-AP-10000055,Furniture,Chairs
FUR-CH-10002304,Technology,Tables
FUR-FU-10000293,Furniture,Binders
OFF-PA-10001307,Technology,Chairs
FUR-FU-10004460,Office Supplies,Chairs
OFF-AR-10000716,Technology,Binders
FUR-FU-10004622,Technology,Binders
OFF-BI-10003529,Technology,Tables
OFF-BI-10001097,Furniture,Phones
OFF-BI-10001597,Office Supplies,Tables
OFF-FA-10001754,Office Supplies,Binders
OFF-FA-10004838,Furniture,Phones
TEC-PH-10002115,Technology,Phones
OFF-FA-10003059,Furniture,Chairs
OFF-BI-10004330,Furniture,Binders
OFF-BI-10003669,Office Supplies,Phones
OFF-BI-10003727,Technology,Binders
TEC-AC-10003447,Furniture,
OFF-AR-10000255,Technology,Binders
OFF-AP-10002191,Technology,Binders
OFF-PA-10000349,Office Supplies,Binders
FUR-CH-10002880,Office Supplies,Phones
OFF-PA-10003127,Furniture,Binders
TEC-MA-10003979,Office Supplies,Chairs
OFF-PA-10000029,Furniture,Tables
OFF-LA-10000452,Office Supplies,Tables
TEC-PH-10001819,Office Supplies,Phones
OFF-AR-10002952,Furniture,
TEC-PH-10000576,Furniture,Tables
OFF-PA-10000605,Office Supplies,Phones
OFF-ST-10004340,Furniture,Binders
OFF-BI-10004001,Furniture,Phones
FUR-TA-10004147,Office Supplies,Phones
OFF-AR-10001545,Office Supplies,Chairs
TEC-AC-10001013,Office Supplies,Chairs
OFF-AR-10002255,Furniture,Phones
OFF-PA-10001892,Furniture,Binders
OFF-BI-10003676,Technology,Chairs
OFF-FA-10003495,Technology,Chairs
OFF-EN-10003798,Office Supplies,Chairs
TEC-PH-10003589,Technology,Phones
OFF-PA-10004735,Office Supplies,
FUR-BO-10002206,Furniture,Tables
OFF-PA-10000141,Technology,Binders
TEC-PH-10001061,Technology,Binders
OFF-AR-10002375,Furniture,
OFF-EN-10001539,Furniture,
FUR-TA-10004086,Office Supplies,Phones
OFF-PA-10000100,Technology,
OFF-LA-10000973,Furniture,Chairs
OFF-ST-10001476,Office Supplies,Chairs
OFF-EN-10002831,Furniture,Binders
OFF-PA-10001763,Office Supplies,Binders
OFF-BI-10002072,Technology,Chairs
OFF-FA-10001561,Furniture,Chairs
TEC-MA-10004241,Technology,Phones
OFF-AP-10003849,Office Supplies,
OFF-FA-10000735,Technology,Tables
OFF-BI-10003350,Office Supplies,
TEC-PH-10000307,Technology,
TEC-CO-10004202,Technology,Binders
FUR-FU-10001852,Office Supplies,Tables
OFF-AR-10003759,Technology,Phones
OFF-ST-10004337,Furniture,
FUR-TA-10001932,Technology,Phones
FUR-CH-10002126,Furniture,Tables
TEC-PH-10004700,Technology,Tables
OFF-BI-10003429,Technology,Tables
FUR-FU-10004952,Office Supplies,
OFF-PA-10003172,Office Supplies,Chairs
OFF-ST-10002352,Office Supplies,Phones
OFF-PA-10002259,Office Supplies,Phones
OFF-BI-10002976,Office Supplies,Binders
OFF-BI-10003694,Office Supplies,Binders
OFF-LA-10004425,Office Supplies,
FUR-CH-10001270,Furniture,
TEC-PH-10004539,Furniture,Phones
OFF-AR-10001919,Furniture,Binders
TEC-PH-10003655,Office Supplies,Tables
OFF-BI-10004656,Furniture,
OFF-ST-10002344,Furniture,
TEC-PH-10004447,Furniture,
FUR-CH-10003973,Furniture,Binders
OFF-PA-10000682,Furniture,Tables
FUR-FU-10002268,Office Supplies,Tables
TEC-AC-10001990,Office Supplies,Tables
FUR-CH-10004540,Technology,Binders
OFF-ST-10002292,Office Supplies,Chairs
OFF-AR-10004999,Furniture,Chairs
OFF-BI-10001031,Furniture,Phones
OFF-BI-10002432,Technology,Chairs
FUR-FU-10001867,Furniture,Binders
TEC-PH-10002200,Furniture,Tables
TEC-PH-10000439,Technology,Phones
OFF-PA-10001685,Furniture,Tables
OFF-ST-10001418,Furniture,
OFF-ST-10000676,Office Supplies,Chairs
OFF-AR-10001022,Furniture,Binders
OFF-EN-10003055,Technology,Binders
TEC-CO-10001046,Furniture,
FUR-FU-10000076,Office Supplies,Binders
FUR-FU-10003268,Furniture,Phones
FUR-FU-10003691,Furniture,Phones
OFF-AR-10003903,Furniture,Phones
TEC-PH-10003442,Technology,Phones
OFF-BI-10004519,Furniture,Tables
OFF-EN-10004955,Technology,Tables
FUR-TA-10004619,Office Supplies,Phones
FUR-BO-10004467,Technology,Phones
OFF-AR-10002280,Technology,Tables
FUR-CH-10001708,Furniture,Binders
OFF-AR-10000462,Furniture,Chairs
TEC-PH-10004165,Office Supplies,Tables
FUR-FU-10003724,Furniture,Tables
FUR-FU-10003535,Furniture,Binders
OFF-ST-10003716,Furniture,Phones
TEC-PH-10004586,Technology,Tables
OFF-BI-10004236,Furniture,Tables
OFF-AR-10000422,Technology,Phones
OFF-PA-10002870,Furniture,Phones
OFF-ST-10000563,Office Supplies,Phones
OFF-BI-10002854,Technology,Binders
FUR-CH-10001973,Technology,Tables
TEC-AC-10000580,Office Supplies,Phones
OFF-AR-10004022,Technology,Tables
TEC-AC-10004209,Office Supplies,Chairs
TEC-AC-10000023,Office Supplies,Phones
TEC-PH-10003505,Furniture,
OFF-LA-10000121,Furniture,Phones
OFF-BI-10002026,Furniture,Chairs
OFF-PA-10000994,Technology,Phones
OFF-BI-10002813,Technology,Phones
OFF-AR-10004817,Furniture,Binders
OFF-AR-10001860,Technology,Binders
OFF-BI-10004970,Technology,Chairs
OFF-PA-10002968,Office Supplies,
FUR-BO-10003433,Furniture,Chairs
FUR-FU-10002554,Office Supplies,
TEC-PH-10003437,Technology,Tables
OFF-AP-10003971,Furniture,Binders
FUR-CH-10003846,Technology,Chairs
OFF-LA-10001404,Office Supplies,Binders
OFF-LA-10001474,Technology,Phones
OFF-PA-10003072,Office Supplies,
FUR-FU-10004960,Furniture,Phones
TEC-AC-10003116,Technology,Phones
OFF-AP-10004859,Office Supplies,Tables
OFF-PA-10002659,Furniture,Tables
OFF-BI-10004139,Furniture,Phones
OFF-AR-10002818,Office Supplies,Tables
OFF-AP-10001303,Furniture,Chairs
OFF-ST-10002574,Office Supplies,Chairs
FUR-FU-10004018,Office Supplies,Chairs
TEC-PH-10002549,Furniture,Phones
OFF-PA-10004911,Technology,Tables
TEC-MA-10002178,Office Supplies,Tables
OFF-AR-10000411,Furniture,Chairs
OFF-LA-10000262,Technology,Phones
OFF-PA-10000466,Office Supplies,Tables
OFF-AR-10003829,Technology,
OFF-BI-10001758,Office Supplies,Chairs
OFF-BI-10000136,Furniture,Phones
OFF-ST-10000649,Furniture,
OFF-PA-10003641,Technology,Binders
FUR-CH-10002961,Office Supplies,Tables
OFF-PA-10004041,Office Supplies,Binders
TEC-PH-10001336,Technology,Phones
TEC-MA-10003183,Technology,Binders
TEC-AC-10001314,Furniture,Binders
TEC-AC-10004510,Technology,Tables
OFF-BI-10000042,Furniture,Tables
FUR-TA-10003008,Technology,Chairs
OFF-AP-10003590,Furniture,Tables
OFF-PA-10000806,Office Supplies,Tables
OFF-AR-10000896,Technology,Tables
TEC-PH-10002310,Technology,Binders
OFF-ST-10002289,Furniture,
OFF-PA-10001289,Technology,Binders
OFF-FA-10000053,Office Supplies,Phones
OFF-EN-10003001,Office Supplies,Tables
FUR-TA-10002958,Technology,Chairs
FUR-TA-10001676,Furniture,
OFF-BI-10000822,Technology,Phones
OFF-PA-10004888,Office Supplies,Phones
FUR-TA-10002622,Office Supplies,Binders
OFF-PA-10000418,Technology,
FUR-TA-10001039,Office Supplies,Phones
OFF-AR-10002240,Technology,Chairs
OFF-BI-10002867,Furniture,
FUR-FU-10003976,Technology,
TEC-PH-10002922,Furniture,Phones
OFF-PA-10000501,Technology,Binders
OFF-AP-10004980,Furniture,Phones
TEC-PH-10001750,Office Supplies,Binders
OFF-BI-10003708,Furniture,Chairs
OFF-BI-10001191,Office Supplies,Tables
OFF-PA-10003673,Technology,Tables
OFF-PA-10001639,Office Supplies,
TEC-AC-10004975,Office Supplies,Phones
OFF-BI-10004364,Office Supplies,
OFF-PA-10001712,Office Supplies,Phones
FUR-CH-10004289,Office Supplies,Phones
TEC-PH-10002564,Technology,Binders
OFF-BI-10004876,Office Supplies,Phones
TEC-PH-10004348,Furniture,Chairs
OFF-BI-10004352,Furniture,Phones
OFF-BI-10000666,Office Supplies,Binders
TEC-MA-10000010,Office Supplies,Binders
OFF-BI-10000977,Furniture,
FUR-TA-10002530,Furniture,Chairs
FUR-FU-10001473,Furniture,
OFF-BI-10001765,Office Supplies,Chairs
FUR-CH-10000847,Technology,Binders
OFF-PA-10001293,Furniture,Binders
OFF-AR-10000634,Office Supplies,Chairs
FUR-FU-10004270,Technology,Binders
OFF-AR-10003770,Office Supplies,Binders
OFF-LA-10003121,Office Supplies,Tables
OFF-PA-10002262,Office Supplies,
OFF-PA-10002464,Furniture,Binders
OFF-ST-10002214,Office Supplies,Chairs
OFF-PA-10000130,Furniture,
TEC-AC-10000865,Furniture,Binders
OFF-FA-10003021,Technology,Phones
TEC-PH-10003580,Technology,Binders
TEC-AC-10001109,Furniture,Phones
OFF-PA-10001838,Office Supplies,Phones
OFF-ST-10004950,Furniture,Binders
OFF-PA-10003823,Furniture,
TEC-PH-10001300,Office Supplies,Binders
FUR-TA-10003715,Furniture,Binders
TEC-MA-10004458,Technology,Binders
OFF-BI-10004965,Office Supplies,Tables
OFF-AR-10001419,Office Supplies,
OFF-PA-10002586,Office Supplies,
OFF-AR-10002221,Office Supplies,Tables
FUR-FU-10002456,Furniture,
OFF-FA-10004968,Furniture,Tables
OFF-PA-10001274,Office Supplies,
OFF-PA-10001125,Office Supplies,Binders
OFF-ST-10000344,Technology,Phones
OFF-ST-10003324,Technology,Binders
OFF-ST-10000419,Furniture,Phones
OFF-AP-10001626,Furniture,Chairs
FUR-FU-10003981,Furniture,Tables
OFF-ST-10001291,Furniture,Phones
OFF-AP-10004868,Furniture,
OFF-LA-10002195,Technology,Phones
OFF-AR-10001315,Furniture,Tables
OFF-EN-10003134,Furniture,Binders
OFF-AR-10001955,Furniture,
OFF-LA-10001641,Furniture,Chairs
OFF-ST-10001370,Furniture,Binders
TEC-AC-10003038,Furniture,Tables
OFF-BI-10000088,Furniture,Chairs
OFF-AR-10003504,Office Supplies,Binders
OFF-EN-10003160,Technology,Phones
TEC-AC-10003280,Office Supplies,Binders
TEC-PH-10000169,Furniture,
OFF-PA-10001526,Furniture,
OFF-AP-10004336,Furniture,
OFF-PA-10001357,Furniture,Phones
OFF-FA-10000992,Furniture,Tables
OFF-AR-10001221,Furniture,Tables
TEC-PH-10004830,Office Supplies,Binders
OFF-PA-10004519,Office Supplies,Binders
FUR-BO-10000362,Furniture,Phones
OFF-PA-10000308,Technology,Tables
OFF-SU-10001165,Furniture,Chairs
FUR-FU-10001488,Furniture,Tables
OFF-AR-10003251,Office Supplies,Binders
OFF-AR-10001044,Technology,
OFF-AR-10000823,Office Supplies,
OFF-AR-10004456,Furniture,Chairs
OFF-BI-10000591,Furniture,
TEC-PH-10000441,Office Supplies,Binders
TEC-AC-10004855,Furniture,
OFF-AR-10001915,Technology,
OFF-ST-10000352,Office Supplies,
OFF-PA-10000575,Furniture,
FUR-FU-10002937,Office Supplies,Chairs
TEC-AC-10003063,Furniture,Phones
FUR-FU-10004415,Furniture,Phones
OFF-ST-10002011,Furniture,
TEC-PH-10000038,Office Supplies,Chairs
OFF-PA-10002689,Furniture,Binders
TEC-CO-10001766,Furniture,Tables
OFF-PA-10004359,Technology,
OFF-FA-10001135,Furniture,Tables
OFF-BI-10004224,Furniture,Tables
TEC-PH-10003357,Office Supplies,Binders
OFF-PA-10004475,Office Supplies,
OFF-PA-10003001,Office Supplies,Tables
OFF-FA-10000611,Office Supplies,Tables
OFF-BI-10001116,Furniture,Chairs
TEC-PH-10004922,Technology,Tables
OFF-BI-10002353,Office Supplies,Binders
OFF-FA-10002676,Technology,Phones
TEC-AC-10003023,Furniture,Chairs
OFF-PA-10000167,Office Supplies,Tables
TEC-PH-10002185,Technology,Binders
FUR-FU-10000758,Office Supplies,Phones
TEC-MA-10004679,Technology,Tables
OFF-AP-10002495,Furniture,Tables
OFF-BI-10002414,Technology,Phones
TEC-AC-10003133,Furniture,Tables
TEC-AC-10002006,Office Supplies,Tables
OFF-LA-10002381,Technology,Tables
OFF-FA-10001843,Technology,Chairs
OFF-LA-10003077,Office Supplies,Chairs
OFF-PA-10003424,Office Supplies,
OFF-PA-10004405,Technology,Phones
FUR-BO-10003965,Furniture,Chairs
FUR-FU-10002088,Office Supplies,Tables
TEC-AC-10000736,Technology,Binders
FUR-BO-10003966,Furniture,Chairs
OFF-AP-10000828,Furniture,Chairs
OFF-AP-10002906,Office Supplies,Tables
OFF-AP-10003860,Office Supplies,Phones
FUR-TA-10001307,Furniture,Tables
OFF-PA-10001457,Technology,Phones
OFF-AP-10002082,Office Supplies,Binders
TEC-AC-10003590,Technology,Phones
OFF-PA-10004355,Furniture,Chairs
OFF-PA-10004947,Office Supplies,Chairs
FUR-TA-10004607,Office Supplies,Tables
OFF-PA-10003893,Furniture,Tables
TEC-PH-10001817,Furniture,Tables
FUR-BO-10000330,Office Supplies,Binders
OFF-BI-10001900,Technology,Binders
FUR-BO-10003159,Office Supplies,Chairs
FUR-FU-10001591,Furniture,Tables
OFF-LA-10002034,Office Supplies,Phones
OFF-BI-10001628,Office Supplies,Phones
OFF-ST-10000877,Furniture,Binders
OFF-AR-10004752,Technology,Chairs
OFF-PA-10000675,Furniture,Chairs
OFF-PA-10001609,Office Supplies,Chairs
TEC-PH-10001615,Furniture,Binders
TEC-AC-10004568,Furniture,Binders
FUR-CH-10001854,Office Supplies,Chairs
OFF-AR-10000475,Office Supplies,Chairs
TEC-PH-10000455,Technology,Phones
OFF-PA-10001994,Technology,Binders
TEC-AC-10002926,Technology,Binders
TEC-PH-10004897,Office Supplies,Chairs
FUR-FU-10001196,Technology,
OFF-PA-10000595,Office Supplies,Binders
OFF-LA-10000443,Technology,Tables
OFF-LA-10001771,Office Supplies,Chairs
OFF-AP-10001394,Technology,Tables
FUR-FU-10002553,Technology,Phones
OFF-AP-10004233,Office Supplies,Binders
FUR-CH-10004754,Office Supplies,Binders
OFF-PA-10000809,Office Supplies,Tables
FUR-FU-10002878,Furniture,Tables
TEC-PH-10002624,Technology,Phones
TEC-PH-10002885,Office Supplies,Phones
TEC-PH-10000895,Technology,Phones
TEC-MA-10000488,Technology,Chairs
OFF-PA-10003729,Office Supplies,Chairs
OFF-AP-10001005,Furniture,Chairs
FUR-CH-10000988,Office Supplies,
FUR-FU-10001986,Office Supplies,Binders
FUR-FU-10004973,Furniture,Binders
OFF-ST-10000464,Furniture,Binders
OFF-PA-10000528,Technology,Chairs
OFF-PA-10003129,Furniture,Tables
OFF-AR-10003631,Office Supplies,Phones
OFF-BI-10002133,Office Supplies,
TEC-PH-10004959,Furniture,
FUR-BO-10001918,Office Supplies,Chairs
FUR-FU-10001617,Technology,Tables
TEC-PH-10002824,Office Supplies,Tables
OFF-PA-10003309,Technology,Phones
OFF-ST-10002554,Furniture,Tables
OFF-AR-10002067,Office Supplies,
FUR-TA-10004175,Office Supplies,
FUR-TA-10004767,Technology,Chairs
OFF-EN-10002621,Technology,
OFF-LA-10003714,Furniture,Chairs
FUR-FU-10001889,Office Supplies,Chairs
OFF-AR-10003723,Technology,Phones
OFF-PA-10000241,Technology,
OFF-AR-10001446,Technology,Binders
OFF-BI-10001359,Technology,Chairs
OFF-EN-10001749,Office Supplies,
OFF-BI-10004390,Office Supplies,
TEC-PH-10004924,Technology,
FUR-CH-10000155,Office Supplies,Phones
OFF-BI-10001757,Technology,Tables
FUR-FU-10004093,Technology,
FUR-FU-10001037,Furniture,Chairs
OFF-PA-10001878,Technology,Binders
TEC-MA-10003674,Office Supplies,Binders
OFF-LA-10003190,Technology,
TEC-PH-10001809,Office Supplies,Chairs
OFF-BI-10003091,Technology,
FUR-CH-10003981,Furniture,Binders
OFF-ST-10002562,Office Supplies,
TEC-PH-10004345,Technology,Phones
TEC-PH-10001198,Furniture,Phones
OFF-PA-10001972,Office Supplies,Tables
TEC-PH-10002483,Technology,Phones
FUR-BO-10000468,Office Supplies,Binders
TEC-AC-10001284,Office Supplies,Chairs
OFF-BI-10002082,Office Supplies,Tables
OFF-ST-10001505,Furniture,
OFF-AR-10004582,Technology,Binders
TEC-AC-10002842,Office Supplies,Binders
OFF-AP-10004785,Office Supplies,
TEC-AC-10002217,Office Supplies,Tables
OFF-BI-10002954,Office Supplies,
OFF-AP-10003281,Technology,Binders
OFF-SU-10000898,Technology,Chairs
OFF-BI-10001249,Technology,Binders
TEC-AC-10002718,Technology,Phones
TEC-PH-10002352,Office Supplies,Tables
FUR-CH-10003774,Technology,Chairs
OFF-AR-10000127,Office Supplies,Tables
TEC-PH-10003811,Technology,Phones
OFF-BI-10002393,Technology,Tables
FUR-TA-10002855,Office Supplies,Tables
OFF-EN-10000781,Office Supplies,Binders
OFF-PA-10002160,Technology,Phones
OFF-AR-10002257,Furniture,Phones
OFF-FA-10004395,Furniture,Chairs
OFF-AP-10002534,Furniture,Binders
FUR-BO-10003034,Office Supplies,Tables
OFF-ST-10000943,Office Supplies,Binders
OFF-PA-10000533,Technology,Tables
OFF-ST-10001172,Office Supplies,Binders
OFF-PA-10001661,Furniture,
OFF-BI-10004817,Technology,Chairs
FUR-CH-10003833,Technology,Tables
FUR-FU-10003142,Office Supplies,Phones
TEC-AC-10001114,Office Supplies,Chairs
OFF-FA-10002975,Technology,
OFF-ST-10003996,Office Supplies,Binders
OFF-BI-10002571,Technology,
OFF-PA-10000477,Technology,Binders
OFF-BI-10004209,Furniture,
TEC-AC-10002800,Furniture,Chairs
FUR-TA-10003954,Furniture,Phones
TEC-AC-10003289,Office Supplies,Chairs
TEC-PH-10002468,Furniture,Phones
OFF-PA-10001295,Furniture,Tables
OFF-LA-10000248,Technology,
OFF-FA-10004076,Furniture,Binders
OFF-LA-10004008,Office Supplies,Binders
OFF-AR-10001177,Technology,Binders
OFF-BI-10001718,Technology,Binders
OFF-AR-10004602,Furniture,Chairs
OFF-ST-10000078,Furniture,Chairs
OFF-AR-10004272,Furniture,
TEC-PH-10001578,Furniture,Tables
OFF-ST-10003638,Furniture,Phones
FUR-BO-10002213,Furniture,
OFF-EN-10003040,Furniture,Binders
TEC-PH-10000923,Office Supplies,
FUR-FU-10003623,Office Supplies,Tables
OFF-AP-10000124,Technology,Phones
OFF-AR-10004511,Furniture,Phones
OFF-PA-10003883,Furniture,Phones
TEC-PH-10002807,Office Supplies,Binders
FUR-FU-10002364,Furniture,Chairs
OFF-SU-10001664,Office Supplies,Chairs
FUR-TA-10003238,Furniture,Phones
TEC-PH-10001536,Technology,Phones
OFF-AR-10004956,Office Supplies,Tables
OFF-AR-10003696,Furniture,Tables
OFF-PA-10000551,Technology,Binders
OFF-BI-10004506,Technology,Phones
OFF-PA-10000740,Technology,Binders
FUR-CH-10002084,Office Supplies,Chairs
OFF-AP-10000692,Technology,Binders
OFF-AP-10000252,Technology,Phones
FUR-FU-10004748,Technology,Phones
OFF-AR-10000538,Furniture,Tables
TEC-PH-10001079,Technology,Phones
OFF-AP-10003842,Furniture,Tables
FUR-CH-10000553,Technology,Phones
OFF-AR-10003469,Technology,Phones
OFF-PA-10003790,Office Supplies,Chairs
FUR-BO-10002202,Furniture,Tables
OFF-AP-10002765,Furniture,Binders
OFF-ST-10003692,Technology,Phones
TEC-PH-10001051,Technology,Phones
OFF-AR-10000817,Office Supplies,Binders
OFF-SU-10000952,Technology,Chairs
FUR-FU-10004597,Furniture,Phones
OFF-BI-10002982,Furniture,Phones
OFF-PA-10004285,Technology,Binders
OFF-AP-10001391,Furniture,Binders
TEC-PH-10001944,Furniture,Tables
OFF-PA-10001776,Office Supplies,
TEC-AC-10004145,Technology,Phones
OFF-PA-10003919,Office Supplies,Phones
OFF-PA-10002001,Office Supplies,Binders
OFF-PA-10002787,Office Supplies,
OFF-ST-10003123,Furniture,
FUR-FU-10000308,Technology,Binders
TEC-CO-10003763,Furniture,Binders
FUR-TA-10001866,Technology,Binders
OFF-AP-10002222,Furniture,
OFF-PA-10003971,Technology,Chairs
OFF-AP-10004036,Office Supplies,Tables
OFF-AP-10002287,Technology,Chairs
FUR-TA-10001950,Office Supplies,Chairs
TEC-PH-10001527,Technology,
TEC-AC-10003095,Technology,Tables
TEC-AC-10000358,Technology,Tables
OFF-EN-10004147,Office Supplies,Tables
FUR-FU-10001468,Furniture,
OFF-PA-10000380,Furniture,Phones
OFF-AP-10000026,Furniture,Phones
OFF-PA-10003936,Technology,Phones
FUR-FU-10002501,Office Supplies,Chairs
OFF-AP-10001205,Technology,Binders
OFF-BI-10004141,Furniture,Tables
OFF-BI-10000632,Furniture,
TEC-AC-10004864,Office Supplies,
TEC-MA-10000597,Technology,Phones
OFF-PA-10002960,Office Supplies,Chairs
OFF-PA-10000919,Technology,Binders
OFF-BI-10001553,Furniture,Binders
OFF-AP-10004540,Office Supplies,
FUR-CH-10001714,Technology,Phones
FUR-FU-10002298,Technology,Binders
OFF-AR-10000315,Technology,Chairs
OFF-FA-10000936,Office Supplies,Binders
OFF-SU-10004768,Office Supplies,Chairs
OFF-PA-10002581,Furniture,Binders
OFF-AP-10002403,Technology,Chairs
OFF-AR-10003087,Technology,
TEC-PH-10000141,Technology,Binders
TEC-CO-10000971,Technology,Phones
OFF-FA-10001229,Furniture,Tables
OFF-BI-10002437,Technology,
OFF-PA-10004255,Technology,Binders
OFF-PA-10001184,Technology,Binders
TEC-AC-10002637,Furniture,Binders
FUR-BO-10000780,Office Supplies,Phones
TEC-PH-10003072,Office Supplies,Chairs
TEC-MA-10000112,Technology,Phones
TEC-AC-10004171,Furniture,Binders
FUR-TA-10002645,Technology,Chairs
OFF-BI-10003784,Furniture,Chairs
OFF-BI-10001617,Furniture,Chairs
FUR-CH-10002439,Technology,Tables
OFF-AP-10003057,Furniture,
FUR-TA-10000849,Office Supplies,Tables
OFF-EN-10002973,Office Supplies,Binders
OFF-BI-10003963,Office Supplies,Binders
OFF-LA-10000081,Furniture,Tables
OFF-PA-10000726,Furniture,
OFF-PA-10004983,Technology,
FUR-FU-10002107,Furniture,Chairs
FUR-CH-10001190,Furniture,
TEC-AC-10000682,Furniture,Phones
OFF-LA-10004545,Technology,Phones
OFF-SU-10002557,Office Supplies,Tables
TEC-PH-10000912,Office Supplies,Binders
OFF-ST-10001837,Furniture,Tables
OFF-AR-10001473,Technology,Tables
TEC-PH-10001835,Technology,Tables
OFF-PA-10002245,Technology,
OFF-EN-10004483,Technology,Phones
OFF-SU-10000151,Technology,Phones
OFF-AP-10001293,Technology,Chairs
TEC-PH-10000675,Office Supplies,Chairs
OFF-ST-10003470,Technology,Tables
OFF-LA-10004559,Office Supplies,
OFF-AP-10002651,Furniture,Binders
TEC-AC-10002550,Office Supplies,Binders
OFF-BI-10000829,Technology,Tables
TEC-PH-10002555,Office Supplies,Phones
FUR-BO-10003450,Furniture,Phones
FUR-FU-10004665,Furniture,
TEC-PH-10000369,Technology,Tables
TEC-AC-10001590,Technology,Chairs
FUR-FU-10004909,Technology,Phones
FUR-BO-10004357,Furniture,
TEC-AC-10000387,Technology,Chairs
OFF-BI-10001308,Furniture,Binders
OFF-AP-10002734,Office Supplies,Chairs
FUR-FU-10004587,Office Supplies,Tables
TEC-PH-10004833,Furniture,Phones
FUR-FU-10001847,Technology,Binders
FUR-FU-10002045,Technology,Tables
FUR-FU-10004671,Technology,Phones
FUR-TA-10003569,Furniture,Phones
OFF-PA-10001752,Office Supplies,
TEC-MA-10003356,Furniture,Tables
OFF-AR-10003727,Furniture,Binders
TEC-AC-10001635,Furniture,Tables
OFF-LA-10003663,Furniture,
TEC-CO-10004722,Office Supplies,Phones
TEC-MA-10002210,Technology,Tables
OFF-BI-10003196,Office Supplies,Chairs
FUR-CH-10002017,Furniture,Chairs
FUR-FU-10003829,Furniture,Binders
OFF-PA-10000697,Technology,
OFF-AR-10004691,Technology,Phones
OFF-BI-10000948,Furniture,Binders
OFF-PA-10000223,Technology,Tables
OFF-PA-10000062,Office Supplies,Tables
FUR-BO-10003404,Office Supplies,Phones
OFF-BI-10004233,Technology,Tables
TEC-PH-10002834,Technology,
FUR-CH-10003761,Furniture,
OFF-PA-10004665,Office Supplies,Tables
OFF-BI-10001196,Furniture,Phones
TEC-MA-10002981,Technology,
TEC-PH-10003601,Technology,
OFF-BI-10002003,Technology,Binders
OFF-PA-10003016,Office Supplies,
OFF-PA-10002246,Technology,Chairs
TEC-PH-10002890,Office Supplies,Chairs
TEC-MA-10003626,Furniture,Binders
TEC-MA-10002412,Furniture,Phones
OFF-AR-10003183,Furniture,Chairs
OFF-PA-10002319,Furniture,Binders
OFF-PA-10001246,Technology,
OFF-PA-10001815,Technology,Binders
FUR-FU-10001876,Furniture,
TEC-PH-10000673,Technology,Tables
TEC-PH-10002075,Technology,
TEC-PH-10003691,Furniture,Tables
OFF-SU-10000157,Office Supplies,
TEC-AC-10004227,Technology,Chairs
TEC-AC-10004127,Furniture,Tables
FUR-CH-10002758,Office Supplies,
OFF-ST-10000532,Technology,Binders
TEC-AC-10003709,Furniture,Chairs
OFF-BI-10003166,Technology,Chairs
OFF-ST-10004835,Technology,
OFF-AP-10000159,Furniture,Chairs
OFF-AP-10001242,Technology,Tables
TEC-AC-10003433,Furniture,Tables
TEC-PH-10003187,Technology,
OFF-FA-10002763,Office Supplies,Binders
OFF-PA-10004239,Office Supplies,Chairs
OFF-PA-10004782,Furniture,
FUR-FU-10001185,Furniture,Chairs
OFF-PA-10003270,Furniture,Tables
OFF-PA-10002421,Furniture,Tables
OFF-PA-10002923,Furniture,Binders
OFF-ST-10001128,Office Supplies,Chairs
OFF-PA-10000520,Furniture,Tables
FUR-FU-10003832,Office Supplies,Chairs
FUR-FU-10000409,Technology,Phones
TEC-PH-10004389,Office Supplies,Tables
OFF-SU-10000946,Office Supplies,Phones
FUR-FU-10001546,Furniture,Chairs
OFF-PA-10000791,Office Supplies,Chairs
OFF-PA-10003739,Furniture,Binders
FUR-FU-10000771,Furniture,Binders
OFF-ST-10002615,Office Supplies,Tables
OFF-PA-10000327,Furniture,Phones
OFF-EN-10003286,Technology,Phones
OFF-AR-10003772,Office Supplies,Tables
OFF-AR-10003338,Technology,Tables
FUR-FU-10002116,Office Supplies,
FUR-CH-10000422,Office Supplies,Tables
FUR-FU-10002685,Office Supplies,Phones
FUR-FU-10004963,Technology,Chairs
OFF-BI-10000174,Furniture,Phones
FUR-CH-10004875,Technology,
FUR-FU-10000305,Furniture,Phones
TEC-PH-10001459,Technology,Chairs
FUR-FU-10002445,Furniture,Chairs
OFF-PA-10000213,Office Supplies,Tables
FUR-CH-10001797,Furniture,Binders
OFF-PA-10003848,Furniture,Chairs
FUR-FU-10000755,Office Supplies,
FUR-FU-10000550,Office Supplies,Tables
TEC-MA-10004521,Technology,
OFF-BI-10003655,Office Supplies,Tables
OFF-AP-10003779,Office Supplies,Phones
OFF-FA-10002701,Technology,
OFF-BI-10002799,Technology,
OFF-AR-10003582,Furniture,Binders
FUR-FU-10004666,Office Supplies,Binders
OFF-EN-10002312,Furniture,Chairs
FUR-CH-10002320,Furniture,
OFF-AR-10001216,Office Supplies,Binders
FUR-FU-10003247,Office Supplies,Phones
FUR-TA-10003837,Furniture,Phones
TEC-PH-10002350,Technology,Phones
TEC-AC-10000397,Technology,Tables
TEC-AC-10004001,Technology,
OFF-PA-10001534,Technology,Phones
FUR-FU-10002379,Technology,
TEC-PH-10000526,Office Supplies,Binders
OFF-PA-10001977,Technology,Phones
FUR-BO-10003660,Technology,Chairs
OFF-BI-10001267,Technology,
OFF-PA-10002741,Technology,Tables
OFF-PA-10001471,Office Supplies,Tables
TEC-MA-10001972,Office Supplies,
FUR-FU-10003464,Furniture,Binders
OFF-PA-10004438,Furniture,
FUR-FU-10004586,Technology,Binders
TEC-PH-10004908,Furniture,Chairs
FUR-CH-10004495,Technology,Chairs
TEC-MA-10000418,Furniture,Chairs
OFF-BI-10004600,Furniture,Chairs
OFF-BI-10004040,Furniture,
OFF-AR-10001615,Technology,Binders
TEC-PH-10001299,Office Supplies,Binders
OFF-AR-10004260,Office Supplies,Binders
OFF-EN-10004773,Furniture,Chairs
OFF-BI-10001787,Technology,Chairs
OFF-ST-10002957,Technology,Binders
OFF-FA-10001883,Technology,Tables
TEC-PH-10001644,Technology,Phones
OFF-LA-10000407,Office Supplies,Chairs
TEC-AC-10000420,Technology,Phones
OFF-EN-10004846,Furniture,
OFF-SU-10003567,Technology,Binders
OFF-ST-10002301,Technology,
TEC-PH-10003095,Technology,Phones
TEC-PH-10004912,Office Supplies,Tables
OFF-AR-10000799,Furniture,Tables
OFF-PA-10004609,Furniture,Chairs
TEC-PH-10003171,Office Supplies,Phones
OFF-AP-10000595,Furniture,
TEC-AC-10003399,Office Supplies,Chairs
TEC-MA-10002428,Technology,Phones
TEC-PH-10001128,Technology,Chairs
OFF-PA-10001033,Office Supplies,
TEC-AC-10000474,Technology,Phones
FUR-FU-10002963,Furniture,Chairs
FUR-FU-10000193,Technology,
OFF-BI-10000962,Office Supplies,Phones
OFF-AP-10002867,Technology,Binders
FUR-BO-10002916,Furniture,Binders
FUR-TA-10004152,Technology,Chairs
FUR-FU-10000672,Technology,Tables
FUR-BO-10002598,Technology,
OFF-PA-10004610,Furniture,Tables
FUR-FU-10000320,Office Supplies,Tables
FUR-CH-10003535,Technology,Tables
FUR-FU-10003919,Furniture,Phones
OFF-PA-10000174,Furniture,Tables
FUR-FU-10002703,Technology,Tables
TEC-PH-10002415,Furniture,Chairs
OFF-AR-10000657,Technology,
OFF-PA-10004996,Office Supplies,
OFF-PA-10003363,Furniture,
TEC-AC-10002305,Furniture,Tables
TEC-AC-10000990,Office Supplies,Tables
FUR-BO-10001608,Technology,
FUR-BO-10000112,Furniture,
TEC-PH-10004120,Office Supplies,Chairs
OFF-BI-10003476,Technology,Tables
TEC-MA-10002859,Technology,Tables
OFF-AP-10001947,Technology,Binders
OFF-LA-10001982,Office Supplies,Binders
TEC-PH-10003484,Technology,Binders
OFF-PA-10000007,Office Supplies,Chairs
OFF-PA-10000552,Technology,
OFF-AR-10004062,Technology,Phones
OFF-ST-10000321,Technology,Phones
TEC-AC-10002134,Technology,Phones
TEC-PH-10004071,Office Supplies,Tables
OFF-PA-10004039,Furniture,Tables
OFF-AR-10001725,Office Supplies,Chairs
OFF-AR-10004269,Furniture,Tables
OFF-BI-10003007,Technology,
OFF-SU-10002522,Office Supplies,
TEC-AC-10004859,Technology,
TEC-AC-10002558,Technology,Phones
FUR-FU-10001731,Office Supplies,
OFF-SU-10004782,Technology,Phones
OFF-SU-10000432,Furniture,Binders
OFF-LA-10004409,Furniture,Chairs
OFF-ST-10001031,Technology,Tables
OFF-LA-10000476,Office Supplies,Binders
OFF-AR-10002987,Technology,Tables
TEC-CO-10001571,Furniture,Tables
FUR-FU-10003026,Technology,Binders
OFF-ST-10001034,Technology,
TEC-AC-10000521,Office Supplies,Phones
OFF-SU-10003002,Furniture,Tables
TEC-PH-10000730,Office Supplies,Binders
FUR-CH-10004983,Technology,Tables
OFF-FA-10001332,Office Supplies,Chairs
TEC-AC-10001874,Technology,Binders
OFF-BI-10000494,Technology,Phones
FUR-TA-10003469,Office Supplies,
OFF-AR-10003179,Office Supplies,Tables
FUR-CH-10003606,Technology,Binders
FUR-CH-10003298,Technology,Tables
OFF-LA-10003537,Technology,Phones
OFF-PA-10000069,Office Supplies,
OFF-PA-10004733,Technology,Binders
TEC-AC-10004814,Furniture,Phones
OFF-SU-10002301,Technology,Binders
OFF-BI-10004318,Office Supplies,Chairs
FUR-FU-10004164,Technology,Chairs
TEC-AC-10001539,Office Supplies,Phones
TEC-PH-10002789,Office Supplies,
OFF-BI-10004828,Furniture,Binders
OFF-AR-10001770,Furniture,Phones
FUR-FU-10004904,Office Supplies,Phones
FUR-FU-10002396,Office Supplies,Chairs
TEC-AC-10002331,Furniture,Phones
TEC-AC-10001090,Furniture,Phones
FUR-BO-10004218,Office Supplies,Chairs
TEC-PH-10001619,Furniture,Binders
OFF-PA-10000246,Technology,Phones
OFF-PA-10001461,Technology,Chairs
OFF-AR-10004165,Office Supplies,
OFF-EN-10001028,Technology,Tables
TEC-PH-10003535,Technology,Phones
FUR-FU-10001085,Technology,Tables
OFF-AR-10003481,Furniture,Tables
OFF-PA-10002606,Technology,Binders
FUR-FU-10003731,Furniture,
OFF-AP-10001962,Furniture,Binders
FUR-FU-10003798,Office Supplies,Binders
OFF-AR-10002704,Technology,Binders
TEC-AC-10002942,Technology,
TEC-MA-10001016,Technology,Chairs
TEC-AC-10001553,Office Supplies,Binders
FUR-FU-10001215,Furniture,Tables
OFF-PA-10002499,Technology,
TEC-PH-10003215,Office Supplies,Tables
OFF-LA-10002945,Office Supplies,Tables
OFF-AR-10002766,Office Supplies,Binders
TEC-PH-10004434,Furniture,Chairs
FUR-BO-10000711,Office Supplies,Phones
OFF-BI-10001120,Office Supplies,Phones
OFF-AP-10004655,Furniture,Chairs
FUR-BO-10004360,Furniture,Binders
TEC-AC-10000199,Office Supplies,Tables
TEC-MA-10001127,Technology,Binders
OFF-AR-10001227,Office Supplies,Tables
FUR-CH-10000229,Technology,Chairs
FUR-BO-10002853,Furniture,Phones
OFF-PA-10004022,Technology,Tables
OFF-PA-10004248,Office Supplies,Binders
OFF-PA-10001363,Furniture,Chairs
OFF-BI-10003876,Technology,Phones
OFF-EN-10004007,Technology,Phones
FUR-BO-10003894,Technology,Tables
TEC-MA-10001570,Furniture,Binders
FUR-FU-10003930,Office Supplies,Phones
OFF-PA-10000232,Furniture,Binders
OFF-AR-10001972,Furniture,Binders
OFF-AR-10004587,Technology,Binders
OFF-AP-10001366,Office Supplies,Tables
OFF-BI-10000216,Technology,Binders
TEC-MA-10001047,Office Supplies,Tables
OFF-LA-10003720,Furniture,
TEC-MA-10003246,Office Supplies,Tables
FUR-FU-10000175,Technology,Tables
OFF-PA-10000556,Technology,Phones
TEC-AC-10003237,Office Supplies,Tables
OFF-EN-10003068,Office Supplies,Phones
FUR-FU-10004053,Office Supplies,Chairs
OFF-PA-10000565,Furniture,Phones
OFF-LA-10000414,Technology,Binders
OFF-AP-10002998,Technology,Phones
FUR-BO-10004690,Furniture,Chairs
OFF-AR-10002445,Furniture,Tables
FUR-BO-10003546,Office Supplies,Chairs
FUR-TA-10003392,Office Supplies,
OFF-AR-10003217,Office Supplies,Phones
OFF-ST-10001932,Office Supplies,Phones
OFF-AR-10001761,Furniture,Phones
OFF-EN-10003567,Office Supplies,Binders
OFF-PA-10003022,Office Supplies,Phones
FUR-TA-10004442,Technology,Binders
OFF-ST-10000129,Furniture,Chairs
OFF-PA-10004948,Technology,Phones
OFF-PA-10001725,Furniture,Binders
TEC-PH-10000213,Furniture,Tables
OFF-PA-10000807,Office Supplies,Binders
OFF-ST-10003805,Technology,Phones
OFF-PA-10004353,Office Supplies,Chairs
OFF-EN-10004206,Office Supplies,Tables
OFF-LA-10003388,Office Supplies,Chairs
TEC-PH-10000193,Technology,Binders
FUR-FU-10002111,Furniture,Phones
OFF-ST-10000885,Furniture,Chairs
OFF-PA-10002709,Furniture,Binders
FUR-FU-10003424,Office Supplies,
OFF-BI-10003718,Office Supplies,Chairs
FUR-FU-10002508,Furniture,Tables
OFF-AP-10004052,Furniture,
OFF-PA-10003134,Technology,Tables
FUR-FU-10000719,Office Supplies,Tables
FUR-BO-10003893,Technology,Phones
TEC-CO-10001943,Office Supplies,Tables
FUR-CH-10000749,Office Supplies,Chairs
OFF-PA-10003228,Office Supplies,Phones
TEC-AC-10001542,Office Supplies,
TEC-AC-10004877,Office Supplies,Binders
TEC-PH-10001305,Technology,Tables
OFF-PA-10000483,Office Supplies,
TEC-AC-10000487,Office Supplies,Binders
TEC-AC-10002018,Technology,Tables
OFF-PA-10004381,Office Supplies,
OFF-EN-10001453,Furniture,Chairs
OFF-SU-10001212,Furniture,Phones
OFF-BI-10000201,Furniture,Chairs
TEC-AC-10004396,Technology,Chairs
OFF-AR-10002467,Technology,
FUR-FU-10002813,Furniture,
TEC-MA-10000752,Office Supplies,Chairs
FUR-FU-10004845,Technology,Chairs
OFF-FA-10000840,Office Supplies,Binders
OFF-AR-10001231,Furniture,Binders
TEC-PH-10004875,Office Supplies,Tables
FUR-CH-10001802,Office Supplies,Chairs
TEC-PH-10003356,Office Supplies,
OFF-AP-10002670,Office Supplies,Phones
OFF-FA-10003485,Furniture,
OFF-AP-10000390,Furniture,Phones
OFF-PA-10002764,Furniture,Phones
OFF-PA-10000143,Technology,Tables
TEC-MA-10000045,Office Supplies,Chairs
OFF-ST-10000136,Furniture,
TEC-PH-10004522,Office Supplies,
TEC-PH-10002584,Technology,
FUR-CH-10004626,Office Supplies,
TEC-PH-10000562,Furniture,Chairs
FUR-FU-10001025,Office Supplies,
OFF-LA-10004178,Furniture,Tables
OFF-PA-10003797,Office Supplies,Binders
OFF-EN-10003448,Technology,Phones
OFF-AP-10000938,Office Supplies,
OFF-SU-10004737,Technology,Tables
FUR-TA-10001691,Furniture,Phones
TEC-MA-10003173,Office Supplies,Chairs
OFF-LA-10000305,Office Supplies,Chairs
TEC-PH-10002583,Technology,Tables
OFF-AR-10003876,Office Supplies,Phones
OFF-PA-10003063,Technology,Chairs
OFF-PA-10003302,Furniture,
TEC-MA-10000423,Office Supplies,
TEC-AC-10004992,Furniture,Binders
OFF-BI-10004099,Technology,Chairs
OFF-PA-10001215,Furniture,Tables
TEC-AC-10003870,Office Supplies,Binders
OFF-AP-10000275,Furniture,Tables
FUR-FU-10003192,Technology,
OFF-PA-10000859,Office Supplies,Phones
OFF-AR-10000614,Office Supplies,Tables
OFF-FA-10000089,Furniture,Chairs
FUR-TA-10001771,Furniture,Tables
FUR-CH-10002044,Furniture,
FUR-TA-10001086,Furniture,Chairs
OFF-PA-10000048,Furniture,Tables
TEC-MA-10002109,Technology,
OFF-PA-10003036,Furniture,Tables
TEC-PH-10001870,Furniture,
OFF-ST-10002182,Furniture,
TEC-PH-10001468,Furniture,Chairs
OFF-AR-10004010,Office Supplies,Tables
OFF-ST-10003572,Office Supplies,Phones
OFF-ST-10003994,Technology,Phones
FUR-CH-10001545,Furniture,Binders
FUR-FU-10004245,Furniture,
OFF-EN-10002592,Furniture,Phones
OFF-AR-10000914,Furniture,Chairs
OFF-LA-10003498,Office Supplies,Tables
TEC-MA-10003329,Office Supplies,Binders
FUR-FU-10000747,Furniture,Tables
TEC-PH-10004100,Furniture,Binders
OFF-ST-10000636,Office Supplies,Binders
TEC-PH-10003174,Office Supplies,Tables
OFF-PA-10001497,Office Supplies,Tables
OFF-PA-10001952,Technology,Tables
OFF-SU-10004661,Furniture,Phones
OFF-PA-10001826,Technology,Chairs
TEC-MA-10001031,Office Supplies,Chairs
TEC-MA-10003176,Technology,Phones
TEC-AC-10002647,Technology,Tables
TEC-PH-10002114,Technology,Chairs
OFF-PA-10001593,Technology,Phones
TEC-AC-10004803,Office Supplies,
OFF-PA-10001801,Furniture,Phones
TEC-PH-10000127,Office Supplies,Phones
OFF-AP-10001564,Furniture,
TEC-AC-10004595,Technology,Chairs
FUR-FU-10002874,Office Supplies,
FUR-FU-10003489,Office Supplies,Tables
TEC-MA-10002073,Office Supplies,
TEC-PH-10004006,Office Supplies,
OFF-BI-10000279,Furniture,Binders
OFF-PA-10000300,Furniture,
OFF-BI-10004308,Technology,Tables
TEC-PH-10004080,Office Supplies,
OFF-PA-10001260,Furniture,Tables
OFF-ST-10004946,Furniture,Chairs
OFF-PA-10002109,Technology,Binders
TEC-MA-10004255,Technology,Tables
FUR-FU-10003095,Technology,Tables
FUR-FU-10000820,Technology,Binders
TEC-MA-10002930,Furniture,Tables
OFF-PA-10003205,Furniture,Phones
OFF-LA-10002368,Office Supplies,Tables
TEC-MA-10003230,Office Supplies,Phones
OFF-PA-10000295,Technology,Phones
OFF-SU-10004884,Furniture,Phones
FUR-FU-10002240,Office Supplies,Phones
FUR-FU-10001057,Office Supplies,
FUR-CH-10002073,Furniture,Chairs
OFF-AP-10003278,Office Supplies,Binders
TEC-PH-10002070,Technology,Tables
FUR-FU-10000277,Office Supplies,Binders
TEC-AC-10004420,Office Supplies,Binders
TEC-PH-10004094,Technology,Phones
TEC-MA-10002790,Office Supplies,Phones
OFF-AP-10001634,Furniture,Chairs
OFF-PA-10001837,Furniture,Tables
OFF-AR-10003896,Furniture,Chairs
OFF-BI-10002897,Technology,
OFF-PA-10001243,Office Supplies,Phones
FUR-FU-10003806,Furniture,Phones
TEC-MA-10000904,Technology,Chairs
OFF-LA-10002473,Technology,Binders
FUR-FU-10003374,Furniture,
TEC-MA-10001856,Technology,Phones
OFF-ST-10003641,Furniture,Binders
OFF-AR-10004707,Office Supplies,Binders
TEC-MA-10004086,Office Supplies,Phones
TEC-MA-10001695,Technology,Binders
FUR-FU-10002506,Office Supplies,Phones
TEC-AC-10004518,Office Supplies,Phones
OFF-AP-10000027,Technology,Binders
OFF-PA-10002558,Office Supplies,Binders
TEC-AC-10000926,Furniture,
OFF-PA-10001846,Furniture,Chairs
TEC-MA-10003673,Office Supplies,Phones
FUR-BO-10001567,Furniture,
FUR-FU-10001379,Office Supplies,Chairs
TEC-MA-10000984,Furniture,Tables
OFF-AR-10000937,Technology,Chairs
FUR-FU-10002030,Furniture,Binders
OFF-FA-10000254,Technology,Phones
OFF-AP-10004136,Technology,Tables
TEC-AC-10002370,Office Supplies,
OFF-AR-10003986,Technology,Phones
OFF-SU-10004290,Technology,Phones
TEC-MA-10004552,Furniture,
OFF-PA-10000312,Office Supplies,Chairs
OFF-PA-10001001,Furniture,
OFF-PA-10001583,Technology,Chairs
TEC-MA-10002694,Technology,Chairs
TEC-MA-10004626,Furniture,
TEC-PH-10004241,Furniture,Binders
OFF-SU-10003936,Office Supplies,Phones
TEC-MA-10003337,Technology,Phones
OFF-PA-10000210,Furniture,Tables
OFF-AR-10003477,Furniture,Binders
FUR-CH-10002317,Technology,
OFF-LA-10004677,Office Supplies,Chairs
FUR-CH-10002780,Technology,
OFF-EN-10001535,Technology,Chairs
TEC-MA-10003493,Furniture,Chairs
TEC-AC-10002380,Technology,Phones
TEC-PH-10002817,Furniture,Chairs
TEC-MA-10003589,Office Supplies,Binders
OFF-AP-10003099,Technology,Chairs
TEC-PH-10002645,Office Supplies,Chairs
OFF-ST-10001627,Office Supplies,
